filename,width,height,class,xmin,ymin,xmax,ymax
amber10.jpg,180,280,amber,66,34,127,229
amber10.jpg,180,280,amber,53,22,140,253
amber10.jpg,180,280,amber,63,28,135,245
amber11.jpg,180,280,amber,66,34,112,183
amber11.jpg,180,280,amber,62,27,121,188
amber11.jpg,180,280,amber,56,19,126,195
amber12.jpg,184,274,amber,60,60,112,203
amber12.jpg,184,274,amber,52,53,119,218
amber13.jpg,273,185,amber,135,1,188,161
amber13.jpg,273,185,amber,120,1,192,178
amber13.jpg,273,185,amber,114,1,197,184
amber14.jpg,269,187,amber,123,43,153,122
amber14.jpg,269,187,amber,117,38,159,129
amber14.jpg,269,187,amber,104,29,176,145
amber15.jpg,299,169,amber,133,2,188,159
amber15.jpg,299,169,amber,125,1,201,168
amber16.jpg,194,259,amber,82,37,146,210
amber16.jpg,194,259,amber,75,28,154,219
amber17.jpg,184,274,amber,51,40,147,222
amber17.jpg,184,274,amber,37,25,156,253
amber18.jpg,183,275,amber,83,85,128,228
amber18.jpg,183,275,amber,70,71,151,255
amber19.jpg,262,193,amber,138,47,171,149
amber19.jpg,262,193,amber,132,42,178,153
amber20.jpg,300,168,amber,119,28,136,87
amber20.jpg,300,168,amber,115,25,139,90
amber20.jpg,300,168,amber,113,23,138,96
amber21.jpg,309,163,amber,251,18,290,146
amber21.jpg,309,163,amber,244,12,297,150
amber22.jpg,276,183,amber,124,38,151,131
amber22.jpg,276,183,amber,122,35,155,136
amber22.jpg,276,183,amber,117,32,161,145
amber23.jpg,194,259,amber,82,103,110,195
amber23.jpg,194,259,amber,75,98,114,203
amber24.jpg,262,192,amber,129,36,154,116
amber24.jpg,262,192,amber,125,33,158,120
amber24.jpg,262,192,amber,120,30,162,127
amber25.jpg,282,179,amber,75,36,99,116
amber25.jpg,282,179,amber,72,32,103,120
amber25.jpg,282,179,amber,63,21,114,131
amber6.jpg,183,276,amber,79,88,121,221
amber6.jpg,183,276,amber,71,82,126,230
amber6.jpg,183,276,amber,59,73,135,237
amber6.jpg,183,276,amber,50,64,141,247
amber7.jpg,183,275,amber,61,44,107,229
amber7.jpg,183,275,amber,53,37,119,235
amber7.jpg,183,275,amber,39,28,126,248
amber8.jpg,177,285,amber,67,56,113,211
amber8.jpg,177,285,amber,61,48,121,219
amber8.jpg,177,285,amber,49,34,138,231
amber8.jpg,177,285,amber,41,24,146,238
amber9.jpg,183,275,amber,62,28,122,233
amber9.jpg,183,275,amber,52,21,133,249
stop101.jpg,640,483,stop,129,126,427,385
stop101.jpg,640,483,stop,256,125,421,381
stop101.jpg,640,483,stop,139,134,403,363
stop101.jpg,640,483,stop,151,167,413,372
stop101.jpg,640,483,stop,254,132,422,368
stop101.jpg,640,483,stop,147,144,389,365
stop102.jpg,800,600,stop,301,230,517,430
stop102.jpg,800,600,stop,368,249,505,398
stop102.jpg,800,600,stop,309,242,443,403
stop102.jpg,800,600,stop,313,307,509,424
stop102.jpg,800,600,stop,303,355,496,418
stop102.jpg,800,600,stop,381,235,510,339
stop102.jpg,800,600,stop,299,239,416,358
stop102.jpg,800,600,stop,335,250,473,422
stop102.jpg,800,600,stop,308,293,444,426
stop103.jpg,640,425,stop,65,24,514,392
stop103.jpg,640,425,stop,273,30,512,382
stop103.jpg,640,425,stop,65,22,315,386
stop103.jpg,640,425,stop,79,139,511,366
stop103.jpg,640,425,stop,73,24,516,182
stop103.jpg,640,425,stop,264,44,500,387
stop103.jpg,640,425,stop,67,33,506,275
stop103.jpg,640,425,stop,218,102,513,394
stop105.jpg,275,183,stop,56,21,213,172
stop105.jpg,275,183,stop,139,28,208,104
stop105.jpg,275,183,stop,63,35,154,164
stop105.jpg,275,183,stop,112,55,210,164
stop105.jpg,275,183,stop,60,20,209,103
stop105.jpg,275,183,stop,56,47,172,166
stop105.jpg,275,183,stop,120,24,210,169
stop105.jpg,275,183,stop,60,19,144,172
stop106.jpg,300,174,stop,19,28,100,110
stop106.jpg,300,174,stop,112,60,187,140
stop106.jpg,300,174,stop,209,88,272,153
stop106.jpg,300,174,stop,136,65,186,135
stop106.jpg,300,174,stop,114,63,164,136
stop106.jpg,300,174,stop,231,90,269,150
stop106.jpg,300,174,stop,210,90,265,138
stop106.jpg,300,174,stop,51,32,97,109
stop106.jpg,300,174,stop,20,30,93,87
stop106.jpg,300,174,stop,58,29,94,107
stop106.jpg,300,174,stop,21,31,66,111
stop106.jpg,300,174,stop,213,109,268,149
stop108.jpg,220,238,stop,32,33,193,202
stop108.jpg,220,238,stop,49,22,189,138
stop108.jpg,220,238,stop,36,92,182,196
stop108.jpg,220,238,stop,79,30,186,197
stop108.jpg,220,238,stop,38,96,125,204
stop108.jpg,220,238,stop,87,90,191,200
stop108.jpg,220,238,stop,96,22,189,125
stop108.jpg,220,238,stop,31,28,129,151
stop109.jpg,1000,746,stop,721,161,885,325
stop109.jpg,1000,746,stop,768,199,884,325
stop109.jpg,1000,746,stop,757,160,888,271
stop109.jpg,1000,746,stop,721,163,813,278
stop109.jpg,1000,746,stop,731,160,885,271
stop110.jpg,333,253,stop,240,37,312,112
stop110.jpg,333,253,stop,270,40,311,104
stop110.jpg,333,253,stop,256,49,310,112
stop110.jpg,333,253,stop,241,44,310,103
stop110.jpg,333,253,stop,249,45,308,111
stop110.jpg,333,253,stop,238,53,311,97
stop110.jpg,333,253,stop,246,40,299,113
stop111.jpg,225,225,stop,8,8,219,219
stop111.jpg,225,225,stop,15,65,215,167
stop111.jpg,225,225,stop,57,43,220,220
stop111.jpg,225,225,stop,9,11,194,173
stop111.jpg,225,225,stop,80,7,219,201
stop111.jpg,225,225,stop,11,42,183,217
stop112.jpg,198,132,stop,56,12,143,120
stop112.jpg,198,132,stop,68,15,132,120
stop112.jpg,198,132,stop,52,27,154,111
stop112.jpg,198,132,stop,56,12,111,99
stop112.jpg,198,132,stop,85,13,143,105
stop112.jpg,198,132,stop,63,39,145,120
stop113.jpg,1500,978,stop,997,91,1157,244
stop113.jpg,1500,978,stop,1049,97,1156,251
stop113.jpg,1500,978,stop,1002,116,1165,231
stop113.jpg,1500,978,stop,1016,88,1155,240
stop113.jpg,1500,978,stop,996,138,1152,251
stop113.jpg,1500,978,stop,1063,85,1148,251
stop114.jpg,790,1200,stop,119,213,262,405
stop114.jpg,790,1200,stop,127,229,257,383
stop114.jpg,790,1200,stop,137,212,250,397
stop115.jpg,1400,787,stop,616,2,1337,787
stop115.jpg,1400,787,stop,646,29,1390,781
stop115.jpg,1400,787,stop,574,172,1350,772
stop115.jpg,1400,787,stop,593,1,1357,787
stop116.jpg,600,400,stop,284,175,362,350
stop116.jpg,600,400,stop,305,175,365,350
stop116.jpg,600,400,stop,282,242,364,350
stop116.jpg,600,400,stop,276,173,371,277
stop116.jpg,600,400,stop,313,211,360,345
stop117.jpg,550,329,stop,123,137,288,290
stop117.jpg,550,329,stop,201,134,286,263
stop117.jpg,550,329,stop,124,204,287,290
stop117.jpg,550,329,stop,125,132,288,232
stop117.jpg,550,329,stop,126,136,231,285
stop118.jpg,780,432,stop,405,179,503,277
stop118.jpg,780,432,stop,406,175,505,257
stop118.jpg,780,432,stop,407,180,469,255
stop118.jpg,780,432,stop,436,178,508,253
stop118.jpg,780,432,stop,408,183,507,260
stop119.jpg,750,1334,stop,135,278,610,796
stop119.jpg,750,1334,stop,316,285,612,644
stop119.jpg,750,1334,stop,132,280,565,669
stop119.jpg,750,1334,stop,171,347,608,798
stop119.jpg,750,1334,stop,326,315,608,646
stop119.jpg,750,1334,stop,157,337,421,746
stop119.jpg,750,1334,stop,228,499,516,773
stop119.jpg,750,1334,stop,135,384,571,766
stop120.jpg,246,160,stop,19,1,200,159
stop120.jpg,246,160,stop,37,19,196,149
stop120.jpg,246,160,stop,39,5,186,158
stop122.jpg,953,1300,stop,205,14,801,709
stop122.jpg,953,1300,stop,279,136,676,675
stop122.jpg,953,1300,stop,440,87,806,595
stop122.jpg,953,1300,stop,209,110,567,656
stop122.jpg,953,1300,stop,386,168,721,677
stop122.jpg,953,1300,stop,202,18,793,273
stop122.jpg,953,1300,stop,218,292,756,636
stop123.jpg,1021,524,stop,105,86,471,463
stop123.jpg,1021,524,stop,105,174,445,372
stop123.jpg,1021,524,stop,136,111,402,418
stop123.jpg,1021,524,stop,585,84,931,457
stop123.jpg,1021,524,stop,710,111,921,394
stop123.jpg,1021,524,stop,659,166,819,425
stop123.jpg,1021,524,stop,596,129,873,413
stop248.jpg,525,368,stop,167,37,305,363
stop249.jpg,322,156,stop,78,1,238,156
stop249.jpg,322,156,stop,78,1,238,120
stop249.jpg,322,156,stop,78,1,170,155
stop249.jpg,322,156,stop,79,1,239,88
stop249.jpg,322,156,stop,96,2,241,154
stop250.jpg,225,225,stop,6,2,216,216
stop250.jpg,225,225,stop,7,3,192,217
stop250.jpg,225,225,stop,6,4,217,159
stop250.jpg,225,225,stop,8,45,217,218
stop98.jpg,598,900,stop,104,6,567,457
stop98.jpg,598,900,stop,103,72,566,513
stop98.jpg,598,900,stop,99,14,431,505
stop98.jpg,598,900,stop,108,11,574,390
stop98.jpg,598,900,stop,148,11,523,507
stop99.jpg,598,900,stop,3,1,428,369
stop99.jpg,598,900,stop,6,1,598,792
stop99.jpg,598,900,stop,1,27,587,646
stop99.jpg,598,900,stop,18,49,582,585
stop99.jpg,598,900,stop,383,20,598,303
stop99.jpg,598,900,stop,34,36,567,665
stop99.jpg,598,900,stop,63,89,561,502
giveway1.jpg,190,265,giveway,29,21,176,165
giveway10.jpg,251,201,giveway,83,66,174,147
giveway100.jpg,3024,4032,giveway,192,1125,2844,3346
giveway100.jpg,3024,4032,giveway,9,872,3014,3538
giveway101.jpg,3024,4032,giveway,179,1164,2840,3359
giveway101.jpg,3024,4032,giveway,22,1007,3022,3538
giveway101.jpg,3024,4032,giveway,1475,1085,2927,3633
giveway101.jpg,3024,4032,giveway,135,1090,1457,3607
giveway102.jpg,3024,4032,giveway,1488,846,3018,3633
giveway102.jpg,3024,4032,giveway,5,803,1488,3646
giveway102.jpg,3024,4032,giveway,48,820,2988,2025
giveway102.jpg,3024,4032,giveway,44,916,3014,3381
giveway103.jpg,4032,3024,giveway,1440,101,3143,2859
giveway103.jpg,4032,3024,giveway,1756,505,2856,2624
giveway103.jpg,4032,3024,giveway,2514,292,2995,2795
giveway103.jpg,4032,3024,giveway,1388,34,2507,2779
giveway103.jpg,4032,3024,giveway,1943,698,2959,1795
giveway104.jpg,3024,4032,giveway,814,1298,1888,2364
giveway104.jpg,3024,4032,giveway,414,903,2775,3590
giveway104.jpg,3024,4032,giveway,618,1072,1544,3603
giveway104.jpg,3024,4032,giveway,870,742,2001,3464
giveway105.jpg,4032,3024,giveway,1385,798,2504,1724
giveway106.jpg,4032,3024,giveway,1288,866,2482,1834
giveway107.jpg,3024,4032,giveway,1118,1981,2170,2916
giveway107.jpg,3024,4032,giveway,1618,1998,2170,2920
giveway107.jpg,3024,4032,giveway,1135,1990,2161,2290
giveway108.jpg,3024,4032,giveway,1096,2168,2088,3059
giveway108.jpg,3024,4032,giveway,1422,2164,1809,3055
giveway108.jpg,3024,4032,giveway,1131,2159,2122,2559
giveway108.jpg,3024,4032,giveway,1140,2168,1635,3016
giveway109.jpg,3024,4032,giveway,779,2251,1657,3085
giveway11.jpg,192,262,giveway,1,26,192,197
giveway110.jpg,3024,4032,giveway,135,285,2448,2672
giveway110.jpg,3024,4032,giveway,148,264,2122,2564
giveway110.jpg,3024,4032,giveway,431,277,2366,1459
giveway110.jpg,3024,4032,giveway,1544,272,2318,2698
giveway111.jpg,4032,3024,giveway,1637,753,3256,2608
giveway111.jpg,4032,3024,giveway,2601,788,3356,2505
giveway111.jpg,4032,3024,giveway,1595,730,3140,1501
giveway111.jpg,4032,3024,giveway,1517,676,3437,2705
giveway112.jpg,3024,4032,giveway,814,1677,2118,2959
giveway112.jpg,3024,4032,giveway,953,1842,1831,2807
giveway113.jpg,4032,3024,giveway,1037,295,3543,2476
giveway113.jpg,4032,3024,giveway,1024,285,2304,2421
giveway113.jpg,4032,3024,giveway,2304,314,3243,2427
giveway113.jpg,4032,3024,giveway,991,314,3466,1237
giveway113.jpg,4032,3024,giveway,1362,1017,3069,1963
giveway114.jpg,3024,4032,giveway,448,559,2101,2720
giveway114.jpg,3024,4032,giveway,1592,512,2096,2751
giveway114.jpg,3024,4032,giveway,509,577,2018,1585
giveway114.jpg,3024,4032,giveway,1135,572,2201,2703
giveway115.jpg,4032,3024,giveway,666,282,3711,2776
giveway115.jpg,4032,3024,giveway,659,276,2162,2682
giveway115.jpg,4032,3024,giveway,2185,243,3604,2708
giveway115.jpg,4032,3024,giveway,1253,1059,2795,2501
giveway115.jpg,4032,3024,giveway,514,227,3798,1721
giveway116.jpg,4032,3024,giveway,591,269,3682,2824
giveway116.jpg,4032,3024,giveway,2091,279,3695,2876
giveway116.jpg,4032,3024,giveway,553,253,2246,2866
giveway116.jpg,4032,3024,giveway,682,337,3411,1147
giveway116.jpg,4032,3024,giveway,1462,1147,3227,2834
giveway116.jpg,4032,3024,giveway,1711,230,2730,2905
giveway117.jpg,4032,3024,giveway,988,572,2585,1892
giveway117.jpg,4032,3024,giveway,1424,505,2204,1959
giveway117.jpg,4032,3024,giveway,924,488,2495,1072
giveway117.jpg,4032,3024,giveway,1424,985,2062,1963
giveway117.jpg,4032,3024,giveway,1011,572,1811,1947
giveway117.jpg,4032,3024,giveway,1824,598,2475,2011
giveway118.jpg,4032,3024,giveway,498,1001,1717,2014
giveway118.jpg,4032,3024,giveway,1120,1043,1591,2079
giveway118.jpg,4032,3024,giveway,517,1001,1198,2098
giveway118.jpg,4032,3024,giveway,585,1030,1578,1437
giveway118.jpg,4032,3024,giveway,998,1069,1282,1943
giveway119.jpg,3024,4032,giveway,1070,1525,1553,2372
giveway119.jpg,3024,4032,giveway,975,1525,1627,2438
giveway119.jpg,3024,4032,giveway,1188,1538,1592,1981
giveway12.jpg,317,159,giveway,179,13,285,103
giveway120.jpg,3024,4032,giveway,153,1107,1905,3055
giveway120.jpg,3024,4032,giveway,961,955,2035,3264
giveway120.jpg,3024,4032,giveway,301,1125,1801,2155
giveway13.jpg,194,259,giveway,51,38,160,132
giveway14.jpg,180,280,giveway,1,38,180,203
giveway15.jpg,197,256,giveway,1,48,197,233
giveway16.jpg,284,177,giveway,20,4,190,175
giveway17.jpg,242,209,giveway,28,24,215,191
giveway18.jpg,179,281,giveway,39,71,131,132
giveway18.jpg,179,281,giveway,33,62,83,132
giveway18.jpg,179,281,giveway,19,14,76,74
giveway18.jpg,179,281,giveway,91,14,128,103
giveway18.jpg,179,281,giveway,11,19,163,44
giveway19.jpg,259,194,giveway,13,30,68,85
giveway2.jpg,288,175,giveway,1,26,192,197
giveway2.jpg,288,175,giveway,42,36,241,148
giveway2.jpg,288,175,giveway,1,96,117,163
giveway2.jpg,288,175,giveway,1,39,37,96
giveway2.jpg,288,175,giveway,237,53,288,101
giveway2.jpg,288,175,giveway,193,15,287,51
giveway2.jpg,288,175,giveway,51,18,154,37
giveway20.jpg,252,200,giveway,8,29,168,177
giveway21.jpg,275,183,giveway,75,64,142,132
giveway22.jpg,275,183,giveway,103,63,171,127
giveway23.jpg,275,183,giveway,100,1,275,139
giveway23.jpg,275,183,giveway,102,1,275,94
giveway23.jpg,275,183,giveway,155,1,275,115
giveway23.jpg,275,183,giveway,161,1,272,142
giveway23.jpg,275,183,giveway,226,1,274,108
giveway23.jpg,275,183,giveway,120,1,193,113
giveway24.jpg,308,164,giveway,250,7,300,53
giveway24.jpg,308,164,giveway,278,7,297,47
giveway24.jpg,308,164,giveway,249,5,273,47
giveway24.jpg,308,164,giveway,254,9,297,34
giveway25.jpg,278,181,giveway,66,18,121,65
giveway25.jpg,278,181,giveway,62,15,90,57
giveway25.jpg,278,181,giveway,93,4,122,61
giveway25.jpg,278,181,giveway,71,33,120,65
giveway26.jpg,191,264,giveway,29,81,101,149
giveway26.jpg,191,264,giveway,83,13,147,68
giveway26.jpg,191,264,giveway,87,9,117,72
giveway26.jpg,191,264,giveway,119,9,148,71
giveway26.jpg,191,264,giveway,32,79,96,120
giveway26.jpg,191,264,giveway,31,76,64,134
giveway26.jpg,191,264,giveway,67,81,97,145
giveway27.jpg,263,192,giveway,71,40,190,81
giveway27.jpg,263,192,giveway,84,43,125,122
giveway27.jpg,263,192,giveway,140,42,176,128
giveway27.jpg,263,192,giveway,85,85,178,133
giveway27.jpg,263,192,giveway,73,48,191,148
giveway28.jpg,259,194,giveway,26,20,213,188
giveway28.jpg,259,194,giveway,26,17,112,158
giveway28.jpg,259,194,giveway,135,16,206,142
giveway28.jpg,259,194,giveway,88,16,159,193
giveway29.jpg,187,270,giveway,29,44,137,94
giveway29.jpg,187,270,giveway,51,34,111,100
giveway29.jpg,187,270,giveway,32,43,128,130
giveway3.jpg,0,0,giveway,179,13,285,103
giveway3.jpg,0,0,giveway,26,42,207,197
giveway30.jpg,244,207,giveway,3,1,243,206
giveway30.jpg,244,207,giveway,52,1,201,184
giveway30.jpg,244,207,giveway,29,43,222,157
giveway31.jpg,276,183,giveway,104,18,175,84
giveway31.jpg,276,183,giveway,106,17,136,79
giveway31.jpg,276,183,giveway,142,15,181,86
giveway31.jpg,276,183,giveway,97,32,180,66
giveway32.jpg,301,167,giveway,108,32,151,74
giveway32.jpg,301,167,giveway,112,31,134,69
giveway32.jpg,301,167,giveway,129,32,143,75
giveway33.jpg,183,276,giveway,39,12,150,124
giveway33.jpg,183,276,giveway,41,16,103,98
giveway33.jpg,183,276,giveway,102,15,141,89
giveway33.jpg,183,276,giveway,46,51,127,121
giveway33.jpg,183,276,giveway,32,7,124,43
giveway34.jpg,262,192,giveway,65,18,190,128
giveway34.jpg,262,192,giveway,138,19,182,125
giveway34.jpg,262,192,giveway,63,10,125,101
giveway35.jpg,187,270,giveway,30,41,124,129
giveway35.jpg,187,270,giveway,28,42,130,73
giveway35.jpg,187,270,giveway,44,75,79,126
giveway35.jpg,187,270,giveway,79,67,106,122
giveway36.jpg,194,259,giveway,60,1,112,48
giveway37.jpg,276,183,giveway,102,15,176,83
giveway37.jpg,276,183,giveway,100,13,178,82
giveway38.jpg,259,194,giveway,1,1,157,156
giveway38.jpg,259,194,giveway,7,1,131,71
giveway39.jpg,261,193,giveway,69,63,238,160
giveway39.jpg,261,193,giveway,80,83,160,160
giveway39.jpg,261,193,giveway,160,82,220,161
giveway39.jpg,261,193,giveway,70,65,238,99
giveway39.jpg,261,193,giveway,156,64,233,106
giveway39.jpg,261,193,giveway,143,64,191,154
giveway4.jpg,225,225,giveway,51,38,160,132
giveway4.jpg,225,225,giveway,88,67,133,106
giveway40.jpg,299,169,giveway,102,42,197,127
giveway40.jpg,299,169,giveway,107,73,194,110
giveway40.jpg,299,169,giveway,104,39,195,71
giveway41.jpg,177,285,giveway,49,58,130,132
giveway42.jpg,197,256,giveway,1,46,197,233
giveway42.jpg,197,256,giveway,34,90,181,162
giveway42.jpg,197,256,giveway,45,108,191,160
giveway43.jpg,225,225,giveway,11,16,200,207
giveway43.jpg,225,225,giveway,120,19,201,174
giveway43.jpg,225,225,giveway,30,17,111,166
giveway43.jpg,225,225,giveway,38,105,174,187
giveway44.jpg,288,175,giveway,49,8,143,44
giveway44.jpg,288,175,giveway,146,7,236,44
giveway45.jpg,181,279,giveway,55,21,140,102
giveway45.jpg,181,279,giveway,67,27,125,78
giveway46.jpg,275,183,giveway,33,29,185,161
giveway47.jpg,275,183,giveway,69,23,219,160
giveway48.jpg,277,182,giveway,29,24,139,139
giveway48.jpg,277,182,giveway,32,26,87,133
giveway48.jpg,277,182,giveway,91,27,139,136
giveway48.jpg,277,182,giveway,43,51,132,119
giveway48.jpg,277,182,giveway,32,27,140,62
giveway49.jpg,190,265,giveway,31,20,175,162
giveway49.jpg,190,265,giveway,34,23,111,153
giveway49.jpg,190,265,giveway,113,23,173,159
giveway49.jpg,190,265,giveway,61,72,148,150
giveway49.jpg,190,265,giveway,34,22,158,87
giveway5.jpg,275,183,giveway,1,38,180,203
giveway5.jpg,275,183,giveway,1,1,274,183
giveway50.jpg,252,200,giveway,7,26,168,179
giveway50.jpg,252,200,giveway,12,27,163,79
giveway50.jpg,252,200,giveway,25,82,148,151
giveway50.jpg,252,200,giveway,73,33,165,178
giveway51.jpg,275,183,giveway,74,64,142,129
giveway51.jpg,275,183,giveway,74,63,142,87
giveway51.jpg,275,183,giveway,77,84,135,124
giveway52.jpg,225,225,giveway,12,16,201,209
giveway52.jpg,225,225,giveway,14,17,102,169
giveway52.jpg,225,225,giveway,109,20,168,166
giveway52.jpg,225,225,giveway,50,77,168,174
giveway53.jpg,225,225,giveway,11,14,203,211
giveway53.jpg,225,225,giveway,12,16,116,184
giveway53.jpg,225,225,giveway,94,18,198,155
giveway53.jpg,225,225,giveway,18,36,185,184
giveway54.jpg,197,256,giveway,1,57,197,150
giveway54.jpg,197,256,giveway,31,71,174,148
giveway54.jpg,197,256,giveway,55,86,167,222
giveway55.jpg,190,265,giveway,29,14,172,164
giveway55.jpg,190,265,giveway,28,21,98,154
giveway55.jpg,190,265,giveway,104,21,157,132
giveway55.jpg,190,265,giveway,45,58,147,138
giveway55.jpg,190,265,giveway,32,24,166,66
giveway56.jpg,275,183,giveway,113,56,255,183
giveway56.jpg,275,183,giveway,115,57,180,174
giveway56.jpg,275,183,giveway,182,60,245,182
giveway56.jpg,275,183,giveway,122,63,230,111
giveway57.jpg,284,177,giveway,24,6,181,173
giveway57.jpg,284,177,giveway,126,18,182,161
giveway57.jpg,284,177,giveway,86,17,146,164
giveway57.jpg,284,177,giveway,58,42,171,111
giveway57.jpg,284,177,giveway,74,50,170,170
giveway58.jpg,242,209,giveway,30,24,213,190
giveway58.jpg,242,209,giveway,40,29,124,156
giveway58.jpg,242,209,giveway,126,26,196,162
giveway58.jpg,242,209,giveway,54,65,185,156
giveway59.jpg,181,279,giveway,56,22,140,100
giveway59.jpg,181,279,giveway,71,30,120,91
giveway6.jpg,275,183,giveway,119,55,249,182
giveway60.jpg,288,175,giveway,88,41,223,85
giveway60.jpg,288,175,giveway,149,38,215,130
giveway60.jpg,288,175,giveway,103,39,163,115
giveway61.jpg,259,194,giveway,1,1,156,153
giveway61.jpg,259,194,giveway,70,1,138,122
giveway61.jpg,259,194,giveway,5,17,126,106
giveway61.jpg,259,194,giveway,30,35,102,156
giveway62.jpg,194,259,giveway,48,36,159,130
giveway62.jpg,194,259,giveway,95,40,152,112
giveway62.jpg,194,259,giveway,87,40,128,122
giveway62.jpg,194,259,giveway,57,41,103,119
giveway62.jpg,194,259,giveway,67,70,142,118
giveway63.jpg,275,183,giveway,107,64,169,129
giveway63.jpg,275,183,giveway,112,66,142,120
giveway63.jpg,275,183,giveway,137,70,162,121
giveway63.jpg,275,183,giveway,131,68,156,131
giveway63.jpg,275,183,giveway,115,80,160,112
giveway64.jpg,275,183,giveway,33,29,182,158
giveway64.jpg,275,183,giveway,36,32,123,149
giveway64.jpg,275,183,giveway,74,31,143,147
giveway64.jpg,275,183,giveway,108,29,178,151
giveway64.jpg,275,183,giveway,35,35,168,87
giveway64.jpg,275,183,giveway,67,63,163,156
giveway65.jpg,197,256,giveway,27,86,175,160
giveway65.jpg,197,256,giveway,75,89,156,218
giveway65.jpg,197,256,giveway,25,98,197,206
giveway66.jpg,276,182,giveway,86,58,190,151
giveway66.jpg,276,182,giveway,91,60,155,126
giveway66.jpg,276,182,giveway,131,60,180,125
giveway66.jpg,276,182,giveway,103,81,172,153
giveway67.jpg,183,276,giveway,39,13,143,119
giveway67.jpg,183,276,giveway,41,18,140,59
giveway67.jpg,183,276,giveway,85,16,137,123
giveway67.jpg,183,276,giveway,45,14,99,117
giveway68.jpg,179,281,giveway,11,14,162,128
giveway68.jpg,179,281,giveway,14,19,151,51
giveway68.jpg,179,281,giveway,30,49,140,111
giveway68.jpg,179,281,giveway,18,17,94,134
giveway68.jpg,179,281,giveway,70,17,131,125
giveway69.jpg,275,183,giveway,70,25,217,160
giveway69.jpg,275,183,giveway,78,25,156,140
giveway69.jpg,275,183,giveway,84,63,196,146
giveway69.jpg,275,183,giveway,134,26,208,149
giveway69.jpg,275,183,giveway,82,33,218,85
giveway7.jpg,243,208,giveway,6,7,236,198
giveway70.jpg,177,285,giveway,47,56,129,134
giveway70.jpg,177,285,giveway,77,57,116,125
giveway70.jpg,177,285,giveway,59,66,113,122
giveway71.jpg,191,264,giveway,31,79,101,144
giveway71.jpg,191,264,giveway,51,81,87,142
giveway71.jpg,191,264,giveway,86,15,150,69
giveway71.jpg,191,264,giveway,108,14,135,71
giveway71.jpg,191,264,giveway,88,26,139,68
giveway72.jpg,187,270,giveway,32,42,125,122
giveway72.jpg,187,270,giveway,35,44,76,121
giveway72.jpg,187,270,giveway,72,45,117,124
giveway72.jpg,187,270,giveway,39,51,115,92
giveway73.jpg,275,183,giveway,103,1,273,142
giveway73.jpg,275,183,giveway,152,1,271,101
giveway73.jpg,275,183,giveway,202,2,275,123
giveway73.jpg,275,183,giveway,129,1,270,60
giveway74.jpg,299,169,giveway,105,44,196,126
giveway74.jpg,299,169,giveway,106,47,193,85
giveway74.jpg,299,169,giveway,130,47,171,121
giveway74.jpg,299,169,giveway,139,46,193,126
giveway74.jpg,299,169,giveway,108,46,157,124
giveway75.jpg,225,225,giveway,28,38,208,197
giveway75.jpg,225,225,giveway,100,43,195,196
giveway75.jpg,225,225,giveway,35,42,123,180
giveway75.jpg,225,225,giveway,57,94,175,158
giveway76.jpg,640,1136,giveway,27,533,270,761
giveway76.jpg,640,1136,giveway,319,408,625,951
giveway76.jpg,640,1136,giveway,331,419,613,737
giveway76.jpg,640,1136,giveway,56,544,274,690
giveway77.jpg,640,1136,giveway,435,448,520,528
giveway78.jpg,640,1136,giveway,240,617,385,747
giveway78.jpg,640,1136,giveway,236,611,314,747
giveway78.jpg,640,1136,giveway,312,607,386,744
giveway78.jpg,640,1136,giveway,252,653,371,729
giveway78.jpg,640,1136,giveway,240,622,392,674
giveway79.jpg,640,1136,giveway,279,494,507,902
giveway79.jpg,640,1136,giveway,9,480,507,905
giveway79.jpg,640,1136,giveway,124,579,487,903
giveway8.jpg,0,0,giveway,87,57,188,151
giveway80.jpg,640,1136,giveway,176,544,414,824
giveway80.jpg,640,1136,giveway,170,545,303,807
giveway80.jpg,640,1136,giveway,295,561,403,818
giveway80.jpg,640,1136,giveway,174,548,392,659
giveway80.jpg,640,1136,giveway,218,639,381,776
giveway81.jpg,640,1136,giveway,152,564,485,958
giveway81.jpg,640,1136,giveway,157,555,341,958
giveway81.jpg,640,1136,giveway,343,605,459,934
giveway81.jpg,640,1136,giveway,284,601,385,969
giveway81.jpg,640,1136,giveway,214,709,438,934
giveway82.jpg,640,1136,giveway,26,433,630,794
giveway82.jpg,640,1136,giveway,234,445,449,796
giveway82.jpg,640,1136,giveway,47,431,582,556
giveway82.jpg,640,1136,giveway,119,490,537,796
giveway83.jpg,640,1136,giveway,264,379,393,509
giveway83.jpg,640,1136,giveway,324,397,392,501
giveway83.jpg,640,1136,giveway,265,378,336,512
giveway83.jpg,640,1136,giveway,303,386,356,513
giveway84.jpg,640,1136,giveway,406,539,632,730
giveway84.jpg,640,1136,giveway,503,542,623,725
giveway84.jpg,640,1136,giveway,419,546,530,724
giveway84.jpg,640,1136,giveway,431,555,590,622
giveway84.jpg,640,1136,giveway,460,600,584,722
giveway85.jpg,640,1136,giveway,387,353,640,839
giveway85.jpg,640,1136,giveway,307,434,629,642
giveway85.jpg,640,1136,giveway,235,473,640,734
giveway85.jpg,640,1136,giveway,243,361,638,831
giveway86.jpg,640,1136,giveway,180,728,435,966
giveway86.jpg,640,1136,giveway,307,731,427,967
giveway86.jpg,640,1136,giveway,181,733,309,963
giveway86.jpg,640,1136,giveway,188,737,413,835
giveway86.jpg,640,1136,giveway,235,794,382,955
giveway86.jpg,640,1136,giveway,253,737,367,962
giveway87.jpg,640,1136,giveway,264,425,525,737
giveway87.jpg,640,1136,giveway,343,439,527,736
giveway87.jpg,640,1136,giveway,282,473,434,714
giveway87.jpg,640,1136,giveway,275,523,486,716
giveway88.jpg,640,1136,giveway,41,419,582,814
giveway88.jpg,640,1136,giveway,259,422,470,900
giveway88.jpg,640,1136,giveway,90,442,549,667
giveway88.jpg,640,1136,giveway,87,525,581,756
giveway88.jpg,640,1136,giveway,351,434,508,797
giveway88.jpg,640,1136,giveway,126,430,386,741
giveway89.jpg,640,1136,giveway,220,383,467,618
giveway89.jpg,640,1136,giveway,335,394,442,597
giveway89.jpg,640,1136,giveway,227,394,365,592
giveway89.jpg,640,1136,giveway,238,395,457,487
giveway89.jpg,640,1136,giveway,253,448,454,602
giveway9.jpg,277,182,giveway,31,24,145,140
giveway9.jpg,277,182,giveway,32,25,82,90
giveway9.jpg,277,182,giveway,90,28,115,102
giveway9.jpg,277,182,giveway,48,65,124,95
giveway9.jpg,277,182,giveway,117,28,139,78
giveway9.jpg,277,182,giveway,62,105,104,140
giveway9.jpg,277,182,giveway,41,62,130,141
giveway9.jpg,277,182,giveway,43,30,126,74
giveway90.jpg,640,1136,giveway,23,424,607,798
giveway90.jpg,640,1136,giveway,307,430,583,768
giveway90.jpg,640,1136,giveway,47,441,337,757
giveway90.jpg,640,1136,giveway,38,432,599,621
giveway91.jpg,640,1136,giveway,412,535,607,724
giveway91.jpg,640,1136,giveway,412,539,611,679
giveway92.jpg,640,1136,giveway,279,436,502,713
giveway92.jpg,640,1136,giveway,306,419,420,742
giveway93.jpg,640,1136,giveway,160,568,491,956
giveway93.jpg,640,1136,giveway,282,572,420,954
giveway94.jpg,640,1136,giveway,41,424,570,901
giveway94.jpg,640,1136,giveway,329,421,546,877
giveway94.jpg,640,1136,giveway,60,435,372,888
giveway94.jpg,640,1136,giveway,240,396,468,892
giveway95.jpg,640,1136,giveway,337,361,602,865
giveway95.jpg,640,1136,giveway,230,442,629,639
giveway95.jpg,640,1136,giveway,290,390,520,774
giveway96.jpg,640,1136,giveway,219,376,458,603
giveway96.jpg,640,1136,giveway,250,409,430,572
giveway97.jpg,640,1136,giveway,323,403,615,936
giveway97.jpg,640,1136,giveway,391,435,588,925
giveway97.jpg,640,1136,giveway,334,573,589,869
giveway98.jpg,3024,4032,giveway,575,785,1361,1925
giveway98.jpg,3024,4032,giveway,522,694,1475,1942
giveway98.jpg,3024,4032,giveway,714,812,1283,1825
giveway99.jpg,3024,4032,giveway,753,877,1492,2064
giveway99.jpg,3024,4032,giveway,670,794,1648,2155
giveway99.jpg,3024,4032,giveway,818,898,1496,1642
green1.jpg,196,257,green,56,35,109,194
green1.jpg,196,257,green,50,30,115,210
green1.jpg,196,257,green,39,22,121,216
green1.jpg,196,257,green,26,12,132,230
green10.jpg,194,259,green,57,64,101,208
green10.jpg,194,259,green,51,60,109,216
green10.jpg,194,259,green,41,56,123,225
green10.jpg,194,259,green,29,46,131,236
green11.jpg,275,184,green,170,24,202,146
green11.jpg,275,184,green,161,19,211,153
green11.jpg,275,184,green,150,10,222,160
green12.jpg,225,225,green,92,67,128,188
green12.jpg,225,225,green,84,60,135,194
green12.jpg,225,225,green,64,39,159,215
green13.jpg,273,185,green,124,47,156,141
green13.jpg,273,185,green,117,43,162,147
green13.jpg,273,185,green,107,32,175,158
green14.jpg,318,159,green,232,23,270,131
green14.jpg,318,159,green,227,17,275,136
green15.jpg,267,189,green,43,38,77,155
green15.jpg,267,189,green,34,31,84,161
green16.jpg,201,251,green,74,22,114,165
green16.jpg,201,251,green,70,12,123,169
green16.jpg,201,251,green,63,2,134,175
green17.jpg,220,220,green,85,11,135,176
green17.jpg,220,220,green,81,8,140,181
green17.jpg,220,220,green,74,3,149,188
green18.jpg,275,183,green,122,17,160,168
green18.jpg,275,183,green,118,15,164,172
green18.jpg,275,183,green,110,11,171,180
green19.jpg,310,163,green,94,10,116,109
green19.jpg,310,163,green,88,5,123,113
green19.jpg,310,163,green,80,4,128,117
green2.jpg,183,275,green,64,46,112,214
green2.jpg,183,275,green,56,41,118,222
green2.jpg,183,275,green,43,32,127,234
green2.jpg,183,275,green,25,9,149,257
green20.jpg,266,190,green,161,41,198,153
green20.jpg,266,190,green,155,34,204,159
green20.jpg,266,190,green,143,27,213,171
green21.jpg,295,171,green,192,17,225,109
green21.jpg,295,171,green,185,10,230,116
green21.jpg,295,171,green,180,6,228,114
green22.jpg,87,223,green,9,8,76,212
green22.jpg,87,223,green,3,2,83,219
green3.jpg,97,200,green,29,37,59,149
green3.jpg,97,200,green,15,27,69,164
green4.jpg,299,168,green,179,13,215,148
green4.jpg,299,168,green,173,6,221,153
green4.jpg,299,168,green,167,2,225,160
green5.jpg,275,183,green,25,9,65,167
green5.jpg,275,183,green,14,3,76,175
green6.jpg,253,200,green,60,45,86,124
green6.jpg,253,200,green,57,42,91,131
green6.jpg,253,200,green,46,34,97,138
green7.jpg,177,285,green,83,35,124,170
green7.jpg,177,285,green,74,28,132,179
green7.jpg,177,285,green,61,21,153,196
green8.jpg,183,275,green,80,43,129,219
green8.jpg,183,275,green,72,34,137,231
green8.jpg,183,275,green,54,23,143,244
green9.jpg,262,192,green,83,37,119,146
green9.jpg,262,192,green,77,34,122,152
green9.jpg,262,192,green,71,28,126,157
red1.jpg,275,183,red,86,4,178,175
red1.jpg,275,183,red,113,24,162,150
red10.jpg,186,271,red,99,40,167,232
red11.jpg,194,259,red,63,22,136,200
red12.jpg,307,164,red,215,22,251,106
red12.jpg,307,164,red,217,24,247,99
red13.jpg,300,168,red,198,56,228,146
red14.jpg,287,176,red,117,31,156,142
red14.jpg,287,176,red,95,8,179,164
red17.jpg,259,194,red,109,36,147,145
red17.jpg,259,194,red,94,24,166,160
red17.jpg,259,194,red,105,31,155,150
red18.jpg,306,164,red,4,23,70,139
red18.jpg,306,164,red,31,26,66,133
red2.jpg,259,194,red,142,18,201,173
red20.jpg,300,168,red,79,1,147,167
red20.jpg,300,168,red,96,2,139,167
red21.jpg,220,229,red,20,21,78,190
red21.jpg,220,229,red,13,29,77,188
red22.jpg,277,182,red,151,14,180,110
red23.jpg,183,275,red,54,71,120,252
red23.jpg,183,275,red,36,53,138,262
red24.jpg,192,263,red,83,29,140,198
red24.jpg,192,263,red,73,22,169,225
red24.jpg,192,263,red,68,18,167,229
red25.jpg,284,177,red,92,23,140,152
red25.jpg,284,177,red,83,5,161,169
red25.jpg,284,177,red,90,11,155,163
red26.jpg,275,183,red,114,18,165,175
red26.jpg,275,183,red,108,14,169,178
red27.jpg,183,275,red,58,33,124,241
red27.jpg,183,275,red,50,27,133,254
red28.jpg,166,303,red,48,54,85,192
red28.jpg,166,303,red,41,43,90,200
red28.jpg,166,303,red,26,21,98,212
red29.jpg,184,275,red,72,77,121,222
red29.jpg,184,275,red,59,67,129,234
red3.jpg,287,175,red,185,6,234,142
red3.jpg,287,175,red,178,13,224,147
red30.jpg,183,275,red,49,32,114,234
red30.jpg,183,275,red,38,17,135,260
red30.jpg,183,275,red,23,8,150,270
red31.jpg,259,194,red,122,19,162,143
red31.jpg,259,194,red,116,14,166,149
red32.jpg,179,282,red,49,51,111,242
red32.jpg,179,282,red,37,41,129,253
red32.jpg,179,282,red,53,56,97,236
red33.jpg,275,183,red,35,37,75,164
red33.jpg,275,183,red,28,33,82,172
red34.jpg,264,191,red,108,17,147,142
red34.jpg,264,191,red,102,4,152,153
red35.jpg,255,197,red,212,35,235,102
red35.jpg,255,197,red,210,29,240,108
red36.jpg,275,183,red,88,7,132,149
red36.jpg,275,183,red,81,2,139,161
red4.jpg,276,183,red,55,24,119,161
red4.jpg,276,183,red,72,30,115,159
red5.jpg,285,177,red,169,21,212,142
red5.jpg,285,177,red,159,6,216,146
red5.jpg,285,177,red,153,1,224,151
red6.jpg,292,173,red,109,16,146,108
red6.jpg,292,173,red,116,21,143,106
red6.jpg,292,173,red,107,10,150,111
red6.jpg,292,173,red,48,14,88,109
red6.jpg,292,173,red,54,22,84,108
red7.jpg,275,183,red,103,34,143,176
red7.jpg,275,183,red,96,25,156,180
red8.jpg,292,173,red,121,26,158,142
red8.jpg,292,173,red,116,22,164,150
red8.jpg,292,173,red,108,19,169,155
red9.jpg,266,190,red,104,28,144,137
red9.jpg,266,190,red,100,21,149,144
Right1.JPG,400,363,Right,213,11,379,201
Right1.JPG,400,363,Right,45,16,230,207
Right1.JPG,400,363,Right,47,179,225,345
Right1.JPG,400,363,Right,204,123,341,319
Right1.JPG,400,363,Right,159,20,258,337
Right1.JPG,400,363,Right,149,111,282,220
Right1.JPG,400,363,Right,266,119,312,228
Right10.jpg,3024,4032,right,1387,1120,1882,1742
Right10.jpg,3024,4032,right,1587,1267,1969,1586
Right10.jpg,3024,4032,right,1498,1133,1801,1440
Right10.jpg,3024,4032,right,1423,1315,1830,1697
Right11.jpg,3024,4032,right,1135,1129,1369,1338
Right12.jpg,3024,4032,right,1296,1331,1773,1727
Right12.jpg,3024,4032,right,1428,1172,1737,1579
Right13.jpg,432,576,right,162,300,220,352
Right13.jpg,432,576,right,189,301,232,379
Right14.jpg,3024,4032,right,1139,1420,1719,1874
Right14.jpg,3024,4032,right,1348,1483,1596,1688
Right15.jpg,3024,4032,right,1107,1445,1573,1992
Right15.jpg,3024,4032,right,1214,1563,1612,2299
Right16.jpg,3024,4032,right,1241,1772,1680,2133
Right16.jpg,3024,4032,right,1346,1833,1607,1988
Right16.jpg,3024,4032,right,1448,1863,1585,1977
Right17.jpg,3024,4032,right,955,1183,2091,1911
Right17.jpg,3024,4032,right,1448,1252,1794,1652
Right17.jpg,3024,4032,right,1276,1322,1782,1636
Right18.jpg,3024,4032,right,1312,1295,1773,1724
Right18.jpg,3024,4032,right,1523,1345,1705,1583
Right18.jpg,3024,4032,right,1412,1336,1628,1658
Right19.jpg,3024,4032,right,923,992,1776,2058
Right19.jpg,3024,4032,right,1305,1142,1764,1654
Right19.jpg,3024,4032,right,1091,1172,1635,1527
Right2.JPG,369,355,right,181,70,301,167
Right2.JPG,369,355,right,255,111,338,199
Right2.JPG,369,355,right,198,85,276,203
Right2.JPG,369,355,right,243,103,304,192
Right2.JPG,369,355,right,207,141,278,218
Right2.JPG,369,355,right,163,97,294,202
Right2.JPG,369,355,right,135,105,292,263
Right2.JPG,369,355,right,167,16,321,206
Right2.JPG,369,355,right,120,41,361,308
Right20.jpg,432,576,right,169,239,249,317
Right20.jpg,432,576,right,195,233,247,294
Right20.jpg,432,576,right,207,251,240,287
Right21.jpg,3024,4032,right,1228,1238,1623,1611
Right21.jpg,3024,4032,right,1423,1270,1614,1483
Right21.jpg,3024,4032,right,1332,1263,1678,1677
Right22.jpg,3024,4032,right,885,1086,1903,2002
Right22.jpg,3024,4032,right,1221,1197,1946,1863
Right22.jpg,3024,4032,right,1026,1224,1780,1954
Right23.jpg,3024,4032,right,1107,1527,1860,2088
Right23.jpg,3024,4032,right,1326,1590,1764,1740
Right24.jpg,432,576,right,208,3,378,115
Right24.jpg,432,576,right,219,16,293,70
Right24.jpg,432,576,right,252,28,288,52
RIght25.jpg,432,576,right,207,181,245,227
RIght25.jpg,432,576,right,215,190,232,206
Right26.jpg,432,576,right,169,83,218,129
Right26.jpg,432,576,right,180,94,210,107
Right28.jpg,432,576,right,236,125,277,174
Right28.jpg,432,576,right,247,130,272,148
Right28.jpg,432,576,right,233,132,273,152
Right29.jpg,432,576,right,198,96,233,141
Right29.jpg,432,576,right,220,104,241,120
Right29.jpg,432,576,right,209,108,243,123
right3.JPG,770,724,right,369,180,529,354
right3.JPG,770,724,right,415,293,635,429
right3.JPG,770,724,right,288,253,491,460
right3.JPG,770,724,right,278,164,651,456
right3.JPG,770,724,right,429,124,745,514
right3.JPG,770,724,right,273,20,595,363
right3.JPG,770,724,right,151,42,659,631
right3.JPG,770,724,right,291,3,648,659
Right30.jpg,432,576,right,158,29,270,106
Right30.jpg,432,576,right,222,46,261,91
Right30.jpg,432,576,right,176,40,291,92
Right31.jpg,3024,4032,right,1151,1581,1898,2190
Right31.jpg,3024,4032,right,1376,1683,1776,1924
Right31.jpg,3024,4032,right,1564,1697,1730,1879
Right32.jpg,3024,4032,right,1035,2074,1614,2356
Right32.jpg,3024,4032,right,1246,2099,1535,2249
Right33.jpg,3024,4032,right,1214,1381,1723,1745
Right33.jpg,3024,4032,right,1398,1490,1616,1649
Right33.jpg,3024,4032,right,1480,1515,1648,1622
Right34.jpg,432,576,right,172,50,277,162
Right34.jpg,432,576,right,201,85,271,118
Right34.jpg,432,576,right,198,79,253,141
Right35.jpg,432,576,right,170,169,249,232
Right35.jpg,432,576,right,195,175,236,208
Right35.jpg,432,576,right,200,180,231,204
Right36.jpg,432,576,right,241,73,368,195
Right36.jpg,432,576,right,264,104,353,146
Right36.jpg,432,576,right,259,99,350,181
Right37.jpg,432,576,right,228,3,311,145
Right37.jpg,432,576,right,246,43,323,79
Right37.jpg,432,576,right,276,27,349,103
Right38.jpg,3456,4608,right,1446,1406,1943,1972
Right38.jpg,3456,4608,right,758,1154,2154,2539
Right38.jpg,3456,4608,right,1054,1350,1980,1935
Right38.jpg,3456,4608,right,1117,1435,1939,2346
Right39.jpg,3456,4608,right,1432,1802,2113,2580
Right39.jpg,3456,4608,right,1476,1954,1865,2139
Right39.jpg,3456,4608,right,1643,1913,1828,2139
Right39.jpg,3456,4608,right,1491,1913,1858,2287
right4.JPG,550,329,right,287,42,331,94
right4.JPG,550,329,right,304,12,391,147
right4.JPG,550,329,right,273,18,349,165
right4.JPG,550,329,right,243,4,406,213
right4.JPG,550,329,right,264,11,379,166
right4.JPG,550,329,right,283,24,369,145
Right40.jpg,3456,4608,right,1491,1658,2035,1943
Right40.jpg,3456,4608,right,1424,1654,2380,2369
Right40.jpg,3456,4608,right,1632,1728,1917,2035
Right40.jpg,3456,4608,right,1628,1724,2187,2317
Right41.jpg,3456,4608,right,1343,2298,2558,3383
Right41.jpg,3456,4608,right,1743,2498,2272,2854
Right41.jpg,3456,4608,right,1965,2509,2246,2939
Right41.jpg,3456,4608,right,1680,2528,2335,3250
Right42.jpg,3456,4608,right,1107,2457,1997,3621
Right42.jpg,3456,4608,right,1392,2613,1817,3108
Right43.jpg,3456,4608,right,1284,2154,1791,2432
Right43.jpg,3456,4608,right,1098,1961,1965,2772
Right44.jpg,4608,3456,right,1819,1607,2255,2059
Right44.jpg,4608,3456,right,1317,1520,2540,2532
Right44.jpg,4608,3456,right,1698,1534,2123,2255
Right45.jpg,3456,4608,right,1435,2026,2133,2513
Right45.jpg,3456,4608,right,1133,1624,2425,3106
Right45.jpg,3456,4608,right,1341,2024,2164,2806
Right45.jpg,3456,4608,right,1612,1970,2310,2652
right5.JPG,684,340,right,209,8,368,202
right5.JPG,684,340,right,237,64,365,176
right5.JPG,684,340,right,237,15,393,189
right5.JPG,684,340,right,134,61,414,175
right5.JPG,684,340,right,165,69,359,172
right5.JPG,684,340,right,242,22,329,220
right5.JPG,684,340,right,63,6,382,298
right6.JPG,648,474,right,323,22,453,203
right6.JPG,648,474,right,163,17,471,287
right6.JPG,648,474,right,243,60,421,178
right6.JPG,648,474,right,311,82,418,271
right6.JPG,648,474,right,262,14,453,220
Right7.jpg,448,445,right,65,34,380,388
Right7.jpg,448,445,right,168,43,408,241
Right7.jpg,448,445,right,215,108,435,292
Right7.jpg,448,445,right,143,131,348,308
Right7.jpg,448,445,right,192,73,338,228
Right7.jpg,448,445,right,151,144,289,283
Right8.jpg,612,411,right,69,42,321,411
Right8.jpg,612,411,right,141,94,268,234
Right8.jpg,612,411,right,92,76,321,250
Right8.jpg,612,411,right,190,109,283,193
Right8.jpg,612,411,right,149,108,262,210
sp100.jpg,259,194,sp30,41,21,96,66
sp100.jpg,259,194,sp40,43,130,101,184
sp101.jpg,225,225,sp50,12,14,223,178
sp103.jpg,277,182,sp20,173,19,259,99
sp104.jpg,275,183,sp5,157,39,230,103
sp105.jpg,183,275,sp60,87,63,135,112
sp106.jpg,250,202,sp110,80,62,119,97
sp106.jpg,250,202,sp130,100,110,137,144
sp107.jpg,225,225,sp20,84,40,144,92
sp109.jpg,196,258,sp10,19,116,175,236
sp110.jpg,187,269,sp70,61,88,137,140
sp111.jpg,222,227,sp50,5,11,103,94
sp111.jpg,222,227,sp55,120,15,219,97
sp112.jpg,183,275,sp30,15,125,57,163
sp112.jpg,183,275,sp50,107,106,177,170
sp113.jpg,265,190,sp90,32,25,84,74
sp114.jpg,299,168,sp110,29,6,121,96
sp117.jpg,256,197,sp50,163,25,209,65
sp118.jpg,276,183,sp30,174,51,219,104
sp119.jpg,275,183,sp60,156,21,208,70
sp120.jpg,194,259,sp100,49,47,130,120
sp121.jpg,263,192,sp130,125,44,201,115
sp122.jpg,270,186,sp15,77,47,197,151
sp123.jpg,194,259,sp50,59,74,136,144
sp124.jpg,299,168,sp80,64,3,125,61
sp126.jpg,259,194,sp110,47,54,134,154
sp127.jpg,183,275,sp60,55,90,130,156
sp128.jpg,275,183,sp40,109,31,205,146
sp128.jpg,275,183,sp40,97,16,130,57
sp129.jpg,275,183,sp40,184,53,235,112
sp130.jpg,300,168,sp40,137,17,193,69
sp132.jpg,256,197,sp50,18,51,108,146
sp132.jpg,256,197,sp50,117,47,190,127
sp132.jpg,256,197,sp50,193,40,242,95
sp132.jpg,256,197,sp50,195,115,238,156
sp134.jpg,314,160,sp60,90,22,138,56
sp136.jpg,299,168,sp25,87,47,134,88
sp137.jpg,183,276,sp35,70,48,117,100
sp138.jpg,356,141,sp30,175,1,309,114
sp139.jpg,194,259,sp60,49,76,113,143
sp141.jpg,250,202,sp50,47,46,92,79
sp142.jpg,185,273,sp30,32,27,112,97
sp143.jpg,168,300,sp50,40,83,143,177
sp144.jpg,265,190,sp90,29,24,88,73
sp145.jpg,275,183,sp40,144,69,234,161
sp146.jpg,275,183,sp20,42,41,155,141
sp147.jpg,354,142,sp50,12,59,96,112
sp147.jpg,354,142,sp50,128,43,198,110
sp147.jpg,354,142,sp40,234,15,333,112
sp148.jpg,204,247,sp40,96,108,187,202
sp149.jpg,300,168,sp80,38,7,142,148
sp150.jpg,262,192,sp25,139,84,213,122
sp151.jpg,259,194,sp25,142,100,240,153
sp152.jpg,275,183,sp50,137,38,199,80
sp153.jpg,239,211,sp25,56,93,175,183
sp154.jpg,306,165,sp40,44,54,104,99
sp155.jpg,334,151,sp80,167,35,252,108
sp157.jpg,259,194,sp30,111,24,213,114
sp158.jpg,259,194,sp60,118,72,172,120
sp159.jpg,275,183,sp60,163,29,248,100
sp160.jpg,353,143,sp40,60,36,134,113
sp41.jpg,308,164,sp50,207,2,268,56
sp47.jpg,299,168,sp25,15,58,114,162
sp52.jpg,276,183,sp50,73,51,149,116
sp53.jpg,263,192,sp30,52,60,126,118
sp54.jpg,245,206,sp5,5,6,74,65
sp54.jpg,245,206,sp10,93,5,156,60
sp54.jpg,245,206,sp15,177,4,244,67
sp54.jpg,245,206,sp20,6,113,75,169
sp54.jpg,245,206,sp30,95,115,158,169
sp55.jpg,275,183,sp100,63,27,121,86
sp56.jpg,300,168,sp60,148,60,205,115
sp59.jpg,194,259,sp80,123,31,185,77
sp60.jpg,249,202,sp50,54,1,140,67
sp61.jpg,194,259,sp30,38,80,173,169
sp62.jpg,194,260,sp90,17,28,86,98
sp63.jpg,341,148,sp50,8,32,84,98
sp63.jpg,341,148,sp80,94,24,171,102
sp63.jpg,341,148,sp50,200,24,276,107
sp63.jpg,341,148,sp70,275,19,339,105
sp67.jpg,259,194,sp80,14,15,74,67
sp68.jpg,259,194,sp50,137,19,189,66
sp70.jpg,183,276,sp40,43,58,137,135
sp71.jpg,201,251,sp80,11,49,113,142
sp72.jpg,225,225,sp80,26,26,174,176
sp73.jpg,194,259,sp30,56,79,100,115
sp76.jpg,260,194,sp100,53,45,106,87
sp80.jpg,275,183,sp40,34,16,80,55
sp81.jpg,275,183,sp60,43,8,107,74
sp83.jpg,259,194,sp30,100,91,167,126
sp84.jpg,283,178,sp40,25,12,111,81
sp90.jpg,183,275,sp30,66,19,123,89
sp91.jpg,300,168,sp30,202,79,261,114
sp95.jpg,177,285,sp40,17,60,163,205
sp96.jpg,281,179,sp40,24,97,109,158
sp99.jpg,291,173,sp80,35,42,100,110
speed.jpg,256,197,sp50,165,24,207,65
speed10.jpg,300,168,sp30,69,4,256,157
speed12.jpg,299,168,sp60,78,27,124,75
speed13.jpg,299,168,sp40,134,19,223,137
speed14.jpg,259,194,sp40,50,62,115,152
speed15.jpg,301,167,sp40,211,12,279,66
speed17.jpg,276,183,sp25,63,35,193,114
speed18.jpg,275,183,sp40,39,77,96,125
speed18.jpg,275,183,sp40,176,87,236,136
speed2.jpg,299,169,sp60,114,39,192,109
speed4.jpg,299,169,sp50,143,62,188,118
speed5.jpg,204,247,sp40,99,111,179,190
speed6.jpg,270,186,sp15,85,47,183,143
speed7.jpg,250,201,sp80,128,53,168,95
speed8.jpg,194,259,sp60,88,58,127,104
speed9.jpg,334,151,sp80,170,32,254,100
stop101.jpg,640,483,stop,129,126,427,385
stop101.jpg,640,483,stop,256,125,421,381
stop101.jpg,640,483,stop,139,134,403,363
stop101.jpg,640,483,stop,151,167,413,372
stop101.jpg,640,483,stop,254,132,422,368
stop101.jpg,640,483,stop,147,144,389,365
stop102.jpg,800,600,stop,301,230,517,430
stop102.jpg,800,600,stop,368,249,505,398
stop102.jpg,800,600,stop,309,242,443,403
stop102.jpg,800,600,stop,313,307,509,424
stop102.jpg,800,600,stop,303,355,496,418
stop102.jpg,800,600,stop,381,235,510,339
stop102.jpg,800,600,stop,299,239,416,358
stop102.jpg,800,600,stop,335,250,473,422
stop102.jpg,800,600,stop,308,293,444,426
stop103.jpg,640,425,stop,65,24,514,392
stop103.jpg,640,425,stop,273,30,512,382
stop103.jpg,640,425,stop,65,22,315,386
stop103.jpg,640,425,stop,79,139,511,366
stop103.jpg,640,425,stop,73,24,516,182
stop103.jpg,640,425,stop,264,44,500,387
stop103.jpg,640,425,stop,67,33,506,275
stop103.jpg,640,425,stop,218,102,513,394
stop105.jpg,275,183,stop,56,21,213,172
stop105.jpg,275,183,stop,139,28,208,104
stop105.jpg,275,183,stop,63,35,154,164
stop105.jpg,275,183,stop,112,55,210,164
stop105.jpg,275,183,stop,60,20,209,103
stop105.jpg,275,183,stop,56,47,172,166
stop105.jpg,275,183,stop,120,24,210,169
stop105.jpg,275,183,stop,60,19,144,172
stop106.jpg,300,174,stop,19,28,100,110
stop106.jpg,300,174,stop,112,60,187,140
stop106.jpg,300,174,stop,209,88,272,153
stop106.jpg,300,174,stop,136,65,186,135
stop106.jpg,300,174,stop,114,63,164,136
stop106.jpg,300,174,stop,231,90,269,150
stop106.jpg,300,174,stop,210,90,265,138
stop106.jpg,300,174,stop,51,32,97,109
stop106.jpg,300,174,stop,20,30,93,87
stop106.jpg,300,174,stop,58,29,94,107
stop106.jpg,300,174,stop,21,31,66,111
stop106.jpg,300,174,stop,213,109,268,149
stop108.jpg,220,238,stop,32,33,193,202
stop108.jpg,220,238,stop,49,22,189,138
stop108.jpg,220,238,stop,36,92,182,196
stop108.jpg,220,238,stop,79,30,186,197
stop108.jpg,220,238,stop,38,96,125,204
stop108.jpg,220,238,stop,87,90,191,200
stop108.jpg,220,238,stop,96,22,189,125
stop108.jpg,220,238,stop,31,28,129,151
stop109.jpg,1000,746,stop,721,161,885,325
stop109.jpg,1000,746,stop,768,199,884,325
stop109.jpg,1000,746,stop,757,160,888,271
stop109.jpg,1000,746,stop,721,163,813,278
stop109.jpg,1000,746,stop,731,160,885,271
stop110.jpg,333,253,stop,240,37,312,112
stop110.jpg,333,253,stop,270,40,311,104
stop110.jpg,333,253,stop,256,49,310,112
stop110.jpg,333,253,stop,241,44,310,103
stop110.jpg,333,253,stop,249,45,308,111
stop110.jpg,333,253,stop,238,53,311,97
stop110.jpg,333,253,stop,246,40,299,113
stop111.jpg,225,225,stop,8,8,219,219
stop111.jpg,225,225,stop,15,65,215,167
stop111.jpg,225,225,stop,57,43,220,220
stop111.jpg,225,225,stop,9,11,194,173
stop111.jpg,225,225,stop,80,7,219,201
stop111.jpg,225,225,stop,11,42,183,217
stop112.jpg,198,132,stop,56,12,143,120
stop112.jpg,198,132,stop,68,15,132,120
stop112.jpg,198,132,stop,52,27,154,111
stop112.jpg,198,132,stop,56,12,111,99
stop112.jpg,198,132,stop,85,13,143,105
stop112.jpg,198,132,stop,63,39,145,120
stop113.jpg,1500,978,stop,997,91,1157,244
stop113.jpg,1500,978,stop,1049,97,1156,251
stop113.jpg,1500,978,stop,1002,116,1165,231
stop113.jpg,1500,978,stop,1016,88,1155,240
stop113.jpg,1500,978,stop,996,138,1152,251
stop113.jpg,1500,978,stop,1063,85,1148,251
stop114.jpg,790,1200,stop,119,213,262,405
stop114.jpg,790,1200,stop,127,229,257,383
stop114.jpg,790,1200,stop,137,212,250,397
stop115.jpg,1400,787,stop,616,2,1337,787
stop115.jpg,1400,787,stop,646,29,1390,781
stop115.jpg,1400,787,stop,574,172,1350,772
stop115.jpg,1400,787,stop,593,1,1357,787
stop116.jpg,600,400,stop,284,175,362,350
stop116.jpg,600,400,stop,305,175,365,350
stop116.jpg,600,400,stop,282,242,364,350
stop116.jpg,600,400,stop,276,173,371,277
stop116.jpg,600,400,stop,313,211,360,345
stop117.jpg,550,329,stop,123,137,288,290
stop117.jpg,550,329,stop,201,134,286,263
stop117.jpg,550,329,stop,124,204,287,290
stop117.jpg,550,329,stop,125,132,288,232
stop117.jpg,550,329,stop,126,136,231,285
stop118.jpg,780,432,stop,405,179,503,277
stop118.jpg,780,432,stop,406,175,505,257
stop118.jpg,780,432,stop,407,180,469,255
stop118.jpg,780,432,stop,436,178,508,253
stop118.jpg,780,432,stop,408,183,507,260
stop119.jpg,750,1334,stop,135,278,610,796
stop119.jpg,750,1334,stop,316,285,612,644
stop119.jpg,750,1334,stop,132,280,565,669
stop119.jpg,750,1334,stop,171,347,608,798
stop119.jpg,750,1334,stop,326,315,608,646
stop119.jpg,750,1334,stop,157,337,421,746
stop119.jpg,750,1334,stop,228,499,516,773
stop119.jpg,750,1334,stop,135,384,571,766
stop120.jpg,246,160,stop,19,1,200,159
stop120.jpg,246,160,stop,37,19,196,149
stop120.jpg,246,160,stop,39,5,186,158
stop122.jpg,953,1300,stop,205,14,801,709
stop122.jpg,953,1300,stop,279,136,676,675
stop122.jpg,953,1300,stop,440,87,806,595
stop122.jpg,953,1300,stop,209,110,567,656
stop122.jpg,953,1300,stop,386,168,721,677
stop122.jpg,953,1300,stop,202,18,793,273
stop122.jpg,953,1300,stop,218,292,756,636
stop123.jpg,1021,524,stop,105,86,471,463
stop123.jpg,1021,524,stop,105,174,445,372
stop123.jpg,1021,524,stop,136,111,402,418
stop123.jpg,1021,524,stop,585,84,931,457
stop123.jpg,1021,524,stop,710,111,921,394
stop123.jpg,1021,524,stop,659,166,819,425
stop123.jpg,1021,524,stop,596,129,873,413
stop248.jpg,525,368,stop,167,37,305,363
stop249.jpg,322,156,stop,78,1,238,156
stop249.jpg,322,156,stop,78,1,238,120
stop249.jpg,322,156,stop,78,1,170,155
stop249.jpg,322,156,stop,79,1,239,88
stop249.jpg,322,156,stop,96,2,241,154
stop250.jpg,225,225,stop,6,2,216,216
stop250.jpg,225,225,stop,7,3,192,217
stop250.jpg,225,225,stop,6,4,217,159
stop250.jpg,225,225,stop,8,45,217,218
stop71.jpg,660,440,stop,172,68,602,307
stop71.jpg,660,440,stop,300,69,601,298
stop71.jpg,660,440,stop,173,68,418,308
stop71.jpg,660,440,stop,172,107,599,294
stop72.jpg,800,534,stop,390,31,727,436
stop72.jpg,800,534,stop,394,116,725,433
stop72.jpg,800,534,stop,394,35,611,435
stop72.jpg,800,534,stop,396,28,727,356
stop73.jpg,956,539,stop,90,145,405,464
stop73.jpg,956,539,stop,418,40,824,450
stop75.jpg,300,214,stop,24,20,253,192
stop75.jpg,300,214,stop,24,20,240,145
stop75.jpg,300,214,stop,35,26,237,179
stop75.jpg,300,214,stop,86,33,250,198
stop76.jpg,900,650,stop,339,58,699,419
stop76.jpg,900,650,stop,342,63,557,419
stop76.jpg,900,650,stop,342,58,703,258
stop76.jpg,900,650,stop,335,103,697,422
stop76.jpg,900,650,stop,416,58,701,418
stop77.jpg,299,168,stop,86,22,223,154
stop79.jpg,620,465,stop,49,21,279,302
stop79.jpg,620,465,stop,125,21,279,302
stop79.jpg,620,465,stop,45,20,282,175
stop82.jpg,834,417,stop,419,1,713,244
stop82.jpg,834,417,stop,419,5,581,242
stop82.jpg,834,417,stop,419,4,711,205
stop82.jpg,834,417,stop,429,13,713,200
stop85.jpg,1280,720,stop,391,1,938,425
stop85.jpg,1280,720,stop,389,70,782,426
stop85.jpg,1280,720,stop,385,1,940,367
stop85.jpg,1280,720,stop,389,1,937,425
stop85.jpg,1280,720,stop,375,14,943,368
stop87.jpg,1300,957,stop,923,563,1172,805
stop87.jpg,1300,957,stop,34,24,867,843
stop87.jpg,1300,957,stop,37,338,636,843
stop87.jpg,1300,957,stop,273,17,873,845
stop87.jpg,1300,957,stop,39,22,858,595
stop87.jpg,1300,957,stop,42,251,663,839
stop88.jpg,620,413,stop,425,18,620,196
stop88.jpg,620,413,stop,424,18,564,177
stop88.jpg,620,413,stop,425,58,610,194
stop90.jpg,1300,962,stop,186,240,407,433
stop90.jpg,1300,962,stop,182,239,324,435
stop90.jpg,1300,962,stop,184,241,408,390
stop91.jpg,1024,768,stop,275,44,797,577
stop91.jpg,1024,768,stop,274,186,796,575
stop91.jpg,1024,768,stop,275,42,788,447
stop91.jpg,1024,768,stop,274,53,641,578
stop92.jpg,1280,854,stop,761,119,1102,548
stop92.jpg,1280,854,stop,761,124,979,549
stop92.jpg,1280,854,stop,763,122,1106,406
stop92.jpg,1280,854,stop,763,122,1060,543
stop93.jpg,1280,720,stop,619,273,850,503
stop93.jpg,1280,720,stop,617,274,847,471
stop93.jpg,1280,720,stop,619,303,848,502
stop93.jpg,1280,720,stop,620,276,805,459
stop94.jpg,640,360,stop,454,55,535,140
stop95.jpg,634,434,stop,301,165,468,331
stop96.jpg,1280,720,stop,923,118,1062,296
stop96.jpg,1280,720,stop,924,117,999,237
stop96.jpg,1280,720,stop,921,170,1065,295
stop96.jpg,1280,720,stop,944,118,1065,276
stop97.jpg,168,300,stop,29,63,140,178
stop97.jpg,168,300,stop,30,62,141,148
stop97.jpg,168,300,stop,29,66,114,179
stop97.jpg,168,300,stop,57,64,141,178
stop97.jpg,168,300,stop,30,62,141,138
stop98.jpg,598,900,stop,104,6,567,457
stop98.jpg,598,900,stop,103,72,566,513
stop98.jpg,598,900,stop,99,14,431,505
stop98.jpg,598,900,stop,108,11,574,390
stop98.jpg,598,900,stop,148,11,523,507
stop99.jpg,598,900,stop,3,1,428,369
stop99.jpg,598,900,stop,6,1,598,792
stop99.jpg,598,900,stop,1,27,587,646
stop99.jpg,598,900,stop,18,49,582,585
stop99.jpg,598,900,stop,383,20,598,303
stop99.jpg,598,900,stop,34,36,567,665
stop99.jpg,598,900,stop,63,89,561,502
